SELECT loaner.first_name, loaner.last_name, count(item_id)
FROM loan
JOIN loaner ON loan.holder_id = loaner.id
GROUP BY holder_id,
loaner.first_name, loaner.last_name;


SELECT loaner.first_name, loaner.last_name, count(item_id)
FROM loan
JOIN loaner ON loan.holder_id = loaner.id
GROUP BY holder_id, loaner.first_name, loaner.last_name
HAVING count(item_id) > 2

SELECT * FROM loaner;

-- SELECT * FROM loaner TABLESAMPLE SYSTEM_ROWS(1000);

select id from loaner order by random() limit 1000;
-- insert users
INSERT INTO "loaner" (id,address,email,first_name,last_name,phone) VALUES ('A52FF44A-FE04-427E-8758-2CB02FD6E8D8','P.O. Box 660, 6232 Erat Street','Nullam.nisl@auctor.com','Seth','Robertson','171-1508330'),('700C6DD0-1467-5B8D-E940-43233350A124','180-4482 Urna. Road','eros.non@vitaedolor.com','Wyoming','Bates','524-8306841'),('171B0BD8-7444-FE6F-D6E6-7D2AF2FA42E2','Ap #191-4675 Urna. Street','feugiat.metus.sit@tristiquealiquet.org','Raven','Roberts','278-6325380'),('DA7F893C-F0B7-DA34-F46E-4E13AC9308C2','7487 Mauris St.','semper.Nam@tempusmauris.com','Keiko','Parrish','598-2820111'),('15561049-1CE8-13F6-ABBB-5618511BC869','Ap #313-2221 Aliquam St.','nulla.at@atrisusNunc.ca','Amethyst','Sharp','876-2552814'),('BD8B4DB3-6447-4B6E-AC77-EF1D5000DF20','602-4128 Urna. St.','Aliquam@loremauctor.edu','Kasimir','Stephenson','752-3257977'),('084F5196-44AC-24B5-7654-7A8584876B8E','417-9211 Mollis Ave','aliquet@gravidanonsollicitudin.co.uk','Sybil','Welch','533-9434319'),('A3D8B6F1-12A1-B440-AB06-B8D10F889068','P.O. Box 950, 8549 Lobortis. Street','Cum.sociis.natoque@per.edu','Iris','Sweeney','968-7717470'),('7393BDC8-9866-0760-4758-04B278622BFB','1534 Egestas. Av.','ultrices.posuere.cubilia@Nulla.co.uk','Stephen','Petersen','319-4481412'),('F6C21F72-4325-307E-B451-CE25F6319384','868-6283 Eu, Avenue','vehicula.Pellentesque@Crassedleo.ca','Zelenia','Pratt','246-6099682'),('95FE899E-E8D8-F04F-227C-7F27D9DC2199','9353 Mi Av.','non.luctus.sit@auctor.org','Avye','Dillard','859-6798172'),('93A11064-BED4-B4EF-F3C1-5F7F65F26918','Ap #762-8908 Parturient Ave','viverra@molestiearcu.co.uk','Thane','Whitaker','812-5610484'),('4B0DF41D-3694-33BF-C36A-0F14542CE5AE','8848 Luctus Street','aliquam.eu.accumsan@sedestNunc.ca','Taylor','Vasquez','314-2177830'),('E9B180E2-35D8-2D59-7F40-3FC888404D9D','Ap #640-9482 Euismod Rd.','Ut.nec.urna@inconsequatenim.org','Ora','Knox','875-2770699'),('E96A232B-0F9B-B7FA-CBB2-487F17D186F9','P.O. Box 660, 4430 Et, Rd.','tempor@ultriciesdignissim.com','Margaret','Buckley','957-5494467'),('0276941F-A024-3A3A-2EDD-641CD95CA0B5','7235 Est Road','libero.Donec@Cras.co.uk','Jason','Witt','901-5529579'),('B0E15205-9BF9-8D55-3E8D-7C87037B119D','Ap #865-5393 Luctus, St.','ac@anequeNullam.ca','Calista','Decker','978-4471124'),('7A91366C-4C99-1FF3-406D-6EEBDA83A7BC','935-8518 Magna Street','lacus.pede.sagittis@lobortisrisus.ca','Nash','Fulton','326-6673368'),('31766533-8E12-5F35-6173-EF8BA002ADA7','590-8696 Hymenaeos. Street','nec.urna.et@quamelementum.com','Basia','Calderon','786-6286427'),('231DFA3E-B7DA-89C4-4AB4-3E8ECD06A46D','Ap #573-1757 Feugiat St.','Quisque.varius.Nam@felisorciadipiscing.com','Donovan','Rollins','203-0817226'),('78A09C68-F9A7-4DC0-87DE-332B7BFAFD79','Ap #578-8853 Nunc Ave','arcu.ac@velconvallis.co.uk','Cleo','Park','512-7048390'),('D829CA8D-1FB0-73AE-796F-9D5413969DA1','P.O. Box 973, 583 Facilisis, St.','Morbi.neque.tellus@magna.co.uk','Marvin','Stanley','721-3799261'),('5AA376AA-0471-886A-C0AB-788D3168F922','386-7619 Tristique Ave','massa.Quisque@Nunc.co.uk','Brenda','Butler','475-2210889'),('A8B36589-6043-2741-63E5-7A505A63640F','4149 Nunc Rd.','enim.Curabitur.massa@mollis.com','Petra','Douglas','332-2996416'),('85613F01-253E-ED13-CD24-138B4F1AB68E','2651 Rutrum Rd.','magna@tellussem.com','Alexis','Hunt','124-7038619'),('7EC5C493-944E-A06D-0B39-C89B067693EB','4022 Pharetra Ave','pede.sagittis.augue@inmagnaPhasellus.net','Camden','Mooney','758-0639721'),('66A0CA26-DCDF-74E6-8D94-048B11C16C16','Ap #467-2326 Pellentesque Road','nulla.Integer@Phasellusvitae.com','Felix','Gay','466-5310381'),('4B68025D-5E6A-CB28-934D-5C7A2184404E','305-6844 Donec Ave','purus.ac@velconvallisin.net','Beatrice','Holt','109-7187166'),('35BC5A6B-3ABA-218B-77B5-6193E9BCD5FF','8831 Faucibus Avenue','sit.amet.ultricies@AliquamnislNulla.org','Tyrone','Jenkins','362-8932700'),('3F61AEAE-B76E-0E2D-B6C7-3ED56AC67573','778-7778 Varius Rd.','eget.venenatis.a@nonvestibulum.co.uk','Lisandra','Marsh','251-8415153'),('4BB83660-1917-9BA5-6971-B88325924C39','P.O. Box 573, 6862 Ac Ave','sed@natoquepenatibus.ca','Adele','Alvarado','702-7082476'),('374F1BE7-A892-99DB-553B-BC2C86F75472','8416 Amet Ave','magnis@eueros.com','Reuben','Donaldson','460-9661255'),('4369EE14-A8C0-137C-6D20-CBB9DFC9CF49','P.O. Box 934, 5166 Mollis St.','viverra@posuerevulputate.com','Noble','Roberts','438-4231651'),('E0BAE017-41B9-D435-CE41-9E5CD9B5F4A8','Ap #933-7187 Pharetra. Road','Etiam.gravida@bibendumDonecfelis.edu','Teagan','Garner','941-6314761'),('C50B19F9-AA71-5D5A-C8B0-62628AD66FBB','632-6718 Dignissim Ave','commodo@veliteu.ca','Katell','Lloyd','643-9804764'),('FB5E1D73-C3CB-FEFC-06BF-D546CFE42101','903-708 Pede, St.','at.velit.Pellentesque@acmattissemper.ca','Craig','Horton','434-1197668'),('306D964E-A6FC-C8D9-A4E7-A1860ED69DC1','Ap #152-3485 Mauris St.','auctor.Mauris@pharetraQuisque.ca','Hiroko','Suarez','835-1864842'),('2FC0D256-4ADA-B6A6-4690-96743F779F3A','P.O. Box 943, 8264 Sociis Rd.','euismod@acfacilisis.ca','Ramona','Rojas','489-3117634'),('0A802347-DC58-0BF4-84EC-94BA762B6ACC','7996 Scelerisque Rd.','magna.Ut@metus.net','Plato','Park','483-3342429'),('73CE6D2D-AF73-4A83-B3B3-86EA2702D455','Ap #130-9684 Dis Ave','semper@ante.co.uk','Jasmine','Washington','452-8630179'),('0D9B5324-F688-10DB-9AC4-18D6CDD88DA2','P.O. Box 961, 2212 Aliquam Avenue','convallis@semvitaealiquam.ca','Byron','Porter','515-5935404'),('3A53E0D1-F050-0C8B-B40E-935258FA1232','497-7224 Faucibus St.','purus@euismodestarcu.com','Bradley','Rocha','626-8369706'),('FAD024AA-750A-C4E6-DC5A-7B862675A690','1232 Nullam Street','ut@Duisatlacus.ca','Len','Paul','206-0046280'),('A51D58DC-89B3-721D-7641-20D115BC4774','Ap #592-4996 Nunc St.','eget.dictum@feugiat.co.uk','Lana','Battle','839-4858640'),('098283DF-2BCA-710E-1D38-1DE09B94BD5A','1439 Cras Street','sociis.natoque.penatibus@tempor.co.uk','Adria','Calderon','106-5664196'),('E9E5F7FC-53B9-02CE-6C9A-8D302B045CAB','811-2005 Scelerisque Street','dapibus.gravida.Aliquam@nequeNullam.ca','Amethyst','Maxwell','698-0451820'),('C3E92AF0-F29A-8D9B-D14C-0556E8060AE0','Ap #755-6121 Donec Av.','luctus@Maecenaslibero.org','Kylan','Vang','403-5256912'),('3B6681DA-0D70-5EDA-2131-1A0AF94185AD','P.O. Box 983, 8553 Velit Rd.','lorem.lorem.luctus@acrisusMorbi.ca','Guy','Crane','487-9338101'),('EF8FA9AF-A4FC-C2E4-C4E6-ACE5C4967837','7126 Mollis. St.','nec.ante@faucibus.co.uk','Zia','Atkinson','562-5644802'),('172AC8ED-B71C-35D2-B8D0-489D865F48B6','P.O. Box 496, 4620 Dolor. Street','Donec.nibh.Quisque@scelerisquesed.net','Valentine','Fletcher','788-8596228'),('1E5C5658-0CE2-68F7-15B8-F52309A3E9B7','871-8523 Pede, Ave','est.ac.mattis@Namconsequatdolor.org','Faith','Stewart','232-0448745'),('CF805982-36F9-D02D-F737-0DA799AA0EBE','3429 Suscipit Rd.','est.tempor.bibendum@nonantebibendum.edu','Alice','Huff','436-8899172'),('0918682A-8762-94E2-FE8C-975D7A06D020','641-1294 Placerat St.','scelerisque.scelerisque@velvulputateeu.net','Daryl','Kinney','871-1176605'),('4E0A2FB5-158A-7CDF-4D23-B67F4FD0D470','127 Gravida Ave','libero.et@sagittis.ca','Carolyn','Scott','815-1887127'),('931709A8-5969-698B-B2F5-1BC7070F2858','P.O. Box 104, 1075 Rhoncus. Street','mollis.dui.in@tinciduntpede.ca','Howard','Glass','231-5175799'),('2EE276BD-EC29-9A27-7818-D3CDE4667889','P.O. Box 656, 3697 Elit. Av.','malesuada@acturpisegestas.co.uk','Damon','Gould','815-4653385'),('EBCCE46F-24A8-3A68-8369-78769080F33C','Ap #391-9149 Enim. Rd.','risus.odio.auctor@dui.edu','Maxwell','Caldwell','962-3590992'),('CD5A889C-E8A6-E2A3-C4B9-D5BBBEDBC50F','P.O. Box 234, 5641 Neque. Avenue','tortor.Integer@accumsan.com','Jael','Pugh','141-8827257'),('590B7725-E75C-4AC7-959B-3D7A9A31F39D','943-1556 Et Av.','Integer.sem.elit@sodalespurus.ca','Tallulah','Holcomb','817-5270977'),('B0586BF4-172D-6166-3BB5-2C6D5580762E','Ap #729-6678 Integer Rd.','tempus.eu.ligula@tincidunt.org','Blaze','Fields','183-4645386'),('552B7303-200E-7907-6823-12BA911DEAE3','Ap #212-6913 Posuere Rd.','luctus@vestibulumMauris.net','Gannon','Beach','875-0888992'),('2B131B3B-AD45-7824-B03F-41FF51BF2AC1','4989 Pede St.','elit.pellentesque.a@quismassa.org','Hall','Terry','531-2505174'),('EE7BE415-3A4B-75C6-6148-E053FB78191F','410 Ligula Street','nunc.interdum@velconvallisin.co.uk','Zenaida','Mclaughlin','361-3856495'),('FD52A058-9FE4-5A95-88EF-E9AE2D1491D1','101-6497 Auctor St.','pede@diamPellentesquehabitant.co.uk','Baker','Waller','917-9609650'),('FA9F1643-BAD0-47BF-FBEA-CF28095D8B98','2602 Blandit St.','Cras.dolor.dolor@fringillapurusmauris.org','Oliver','Phillips','258-3127882'),('5825A3EA-A251-8AD3-7FFE-7091978D1108','Ap #241-4389 Molestie Av.','magnis@dolor.edu','Savannah','Kerr','847-8625208'),('B51E053A-1351-92FD-9118-A6494E58B00B','890-8817 Risus. Street','arcu.ac.orci@justoPraesentluctus.co.uk','Brody','Levine','445-2276530'),('A7057E51-1F74-7B6A-DC6F-D13052639B36','Ap #226-7273 Morbi Avenue','accumsan@variusultrices.edu','Abraham','Gardner','732-6058323'),('3D240768-095A-B6A8-F359-C3287FEE0332','P.O. Box 443, 9339 Aliquam Avenue','Cum.sociis.natoque@semmollisdui.edu','Timon','Vasquez','450-7824093'),('E890A43A-74E3-DE7C-5727-BF74B7CCA725','Ap #268-9305 Aliquam Road','ridiculus.mus@FuscefeugiatLorem.edu','Leandra','Beach','669-8701419'),('DFF85370-AE18-F6B3-40D9-D5BC28707F55','P.O. Box 433, 3576 Eget Av.','sapien.cursus@aliquamadipiscinglacus.net','Julian','Cummings','956-2504919'),('23A165C4-6DCD-3190-25B2-A30C86DF4564','1881 Eros Rd.','a.sollicitudin@ullamcorperDuis.org','Xenos','Wilder','492-0271893'),('1D19847E-33D9-85F1-78F0-C416CBEDCD6F','P.O. Box 465, 7507 Integer Rd.','nec.leo@In.edu','Yasir','Hester','808-7434034'),('1C50A90E-76DA-5C63-FF96-A57AFD6147C0','P.O. Box 178, 4819 In Street','viverra.Maecenas.iaculis@sitamet.edu','Amelia','Barrera','262-5158883'),('6E920503-BD74-3F4C-186D-8920FFE0CF1E','831-7224 Ullamcorper Avenue','egestas.a.dui@Aliquamfringilla.co.uk','Zane','Abbott','327-8352620'),('4478555B-3858-9B21-79F9-60325EFFE6A6','355-2148 Amet Road','Aliquam@temporaugueac.ca','Tyler','White','203-0772172'),('94B11BFA-1BE7-639E-5AF4-DE9A1797FDD9','P.O. Box 760, 2103 Nunc Road','lobortis@Donec.org','Isaiah','Reeves','573-5767599'),('9A82E391-71DA-9ED9-81B5-C7760D75500B','150-2685 Pellentesque St.','a.aliquet.vel@Maurisvestibulum.ca','Sandra','Baker','286-7174692'),('9A3DED08-B7E8-94B9-16CB-9D3692D48A29','409-1500 Mauris Av.','dapibus.quam@pedeetrisus.net','Velma','Moses','655-0569413'),('D976A101-A392-B781-C64B-805EC0D086AD','Ap #936-7596 Justo Av.','ut@vulputate.org','Oren','Riggs','912-9360490'),('96AD9482-930C-8874-5816-FC2BF46538E5','137-2915 Magnis Ave','Mauris.ut.quam@pedeSuspendisse.ca','Holly','Rodriguez','712-5707929'),('4E25836D-4B36-BCD1-0758-36E79405248D','P.O. Box 921, 6003 Convallis Rd.','augue.malesuada.malesuada@mollisvitaeposuere.com','Tara','Santiago','681-7522739'),('C9CD8E39-F542-B127-0861-2EDE83647D8C','725-4319 Ac, St.','massa@malesuadafringillaest.ca','Asher','Mullen','233-2557466'),('936D5E78-FFFE-9D08-AB1F-F77FA78FC3EA','722-3104 Lacinia Rd.','mauris.ut.mi@pretiumaliquet.ca','Quynn','Joseph','543-6065179'),('3631F0DF-950D-66B0-8A18-D179DFE79EA6','Ap #374-4232 Ipsum. Street','ut.molestie.in@a.org','Maxwell','Watkins','766-2359219'),('5D111693-B0F6-86E3-FFF0-136A2079C7DF','8801 Cras Av.','libero@egestas.com','Ryder','Howe','964-6876488'),('DE3E81B8-69F8-C04C-4C11-1F0ACABBA121','5723 Sed Rd.','vel.est.tempor@adlitora.net','Logan','Kim','222-1597869'),('B469F003-4153-D99F-B860-374DEAA49D24','Ap #189-705 Erat St.','neque.vitae@Vivamussit.net','Caldwell','Riddle','906-0422164'),('954FB42F-CD36-8E0C-B36A-2CFBBA1A61ED','868-3121 Dolor St.','et.magnis@lobortis.ca','Galena','Head','803-3117246'),('70080899-26A1-DFA1-60E7-DA49206FE00F','846-8394 Eu Rd.','nec@purus.co.uk','Lance','Howell','550-5051088'),('FF27C036-7689-8A49-7715-B55E6EA888B6','7750 Fringilla. St.','eu.dolor@etrutrum.co.uk','Austin','Ball','168-8457355'),('46183A3C-38EF-4140-1481-B4EF76926163','Ap #925-2656 Lobortis, Avenue','adipiscing.elit@cursusnon.co.uk','Hannah','Bridges','112-5472651'),('28BF6CEC-9481-CBB5-0F9C-371F79CA42B8','P.O. Box 541, 4581 Non St.','Suspendisse@Nam.co.uk','Bruno','Ware','703-8041006'),('E5E2E9E7-904E-6B05-A113-A1C8EE42D496','Ap #824-6205 Sociis Street','ut@lacus.co.uk','Hilda','Norman','976-5721853'),('95408D84-7A44-CAB0-7E70-AC05C176625D','421-9722 Non, St.','vel.turpis@Pellentesqueutipsum.edu','Dakota','Gould','102-4112030'),('947CCAE5-708A-164F-3512-5E783350F0B4','Ap #125-1267 Nec, St.','non.leo@maurisSuspendissealiquet.edu','Lisandra','Kemp','850-3771026'),('392B6B64-43F0-506F-2260-8708CA2960D9','908 Lacinia Rd.','consectetuer.euismod.est@Nullaaliquet.ca','Aidan','Barber','919-1911571'),('2CB2571F-E340-EB01-2860-2473EDB6E081','1181 Cursus St.','et@mollisnoncursus.com','Mollie','Fletcher','301-8365632'),('850FD807-99F3-768E-364A-D5394A1954F7','5863 Dolor Rd.','mauris.sapien.cursus@eratvitae.edu','Alana','Becker','577-3444717'),('F0EF2D47-974F-AC36-48DB-016B08E22863','579-8601 Tristique Av.','enim@volutpatNullafacilisis.edu','Clinton','Sykes','132-7071874');
-- insert items
INSERT INTO "item" (description,status,owner_id) VALUES ('Beyond Black by Hilary Mantel','BORROWED','5D111693-B0F6-86E3-FFF0-136A2079C7DF'),('Kindred by Octavia Butler','AVAILABLE','FB5E1D73-C3CB-FEFC-06BF-D546CFE42101'),('Nightmare Abbey by Thomas Love Peacock','AVAILABLE','2FC0D256-4ADA-B6A6-4690-96743F779F3A'),('The Egoist by George Meredith','REMOVED','A3D8B6F1-12A1-B440-AB06-B8D10F889068'),('The Age of Innocence by Edith Wharton','AVAILABLE','850FD807-99F3-768E-364A-D5394A1954F7'),('Kim by Rudyard Kipling','REMOVED','084F5196-44AC-24B5-7654-7A8584876B8E'),('Toxic Shock by Sara Paretsky','REMOVED','850FD807-99F3-768E-364A-D5394A1954F7'),('The Jungle by Upton Sinclair','REMOVED','A8B36589-6043-2741-63E5-7A505A63640F'),('The Haunting of Hill House by Shirley Jackson','AVAILABLE','E96A232B-0F9B-B7FA-CBB2-487F17D186F9'),('I Served the King of England by Bohumil Hrabal','AVAILABLE','9A3DED08-B7E8-94B9-16CB-9D3692D48A29'),('Mary Barton by Elizabeth Gaskell','BORROWED','E9E5F7FC-53B9-02CE-6C9A-8D302B045CAB'),('Do Androids Dream of Electric Sheep? by Philip K Dick','AVAILABLE','93A11064-BED4-B4EF-F3C1-5F7F65F26918'),('The Line of Beauty by Alan Hollinghurst','AVAILABLE','C3E92AF0-F29A-8D9B-D14C-0556E8060AE0'),('The Tin Drum by Gunter Grass','AVAILABLE','0D9B5324-F688-10DB-9AC4-18D6CDD88DA2'),('Hideous Kinky by Esther Freud','AVAILABLE','5825A3EA-A251-8AD3-7FFE-7091978D1108'),('The Einstein Intersection by Samuel R Delaney','REMOVED','A52FF44A-FE04-427E-8758-2CB02FD6E8D8'),('Ruth by Elizabeth Gaskell','AVAILABLE','DA7F893C-F0B7-DA34-F46E-4E13AC9308C2'),('The Girls of Slender Means by Muriel Spark','BORROWED','D976A101-A392-B781-C64B-805EC0D086AD'),('Captain Blood by Rafael Sabatini','REMOVED','098283DF-2BCA-710E-1D38-1DE09B94BD5A'),('The Wapshot Chronicle by John Cheever','REMOVED','C3E92AF0-F29A-8D9B-D14C-0556E8060AE0'),('Riddley Walker by Russell Hoban ','REMOVED','0A802347-DC58-0BF4-84EC-94BA762B6ACC'),('Ulysses by James Joyce','BORROWED','084F5196-44AC-24B5-7654-7A8584876B8E'),('A History of the World in 10 1/2 Chapters by Julian Barnes','AVAILABLE','E9B180E2-35D8-2D59-7F40-3FC888404D9D'),('Ruth by Elizabeth Gaskell','AVAILABLE','D829CA8D-1FB0-73AE-796F-9D5413969DA1'),('Captain Blood by Rafael Sabatini','AVAILABLE','850FD807-99F3-768E-364A-D5394A1954F7'),('Samarkand by Amin Maalouf','AVAILABLE','936D5E78-FFFE-9D08-AB1F-F77FA78FC3EA'),('The Third Man by Graham Greene','REMOVED','C3E92AF0-F29A-8D9B-D14C-0556E8060AE0'),('The Big Blowdown by George Pelecanos','BORROWED','392B6B64-43F0-506F-2260-8708CA2960D9'),('Middlesex by Jeffrey Eugenides','BORROWED','2B131B3B-AD45-7824-B03F-41FF51BF2AC1'),('A Long Long Way by Sebastian Barry','AVAILABLE','5D111693-B0F6-86E3-FFF0-136A2079C7DF'),('History by Elsa Morante','REMOVED','2B131B3B-AD45-7824-B03F-41FF51BF2AC1'),('Gargantua and Pantagruel by Francois Rabelais','AVAILABLE','2B131B3B-AD45-7824-B03F-41FF51BF2AC1'),('Underworld by Don DeLillo','REMOVED','E5E2E9E7-904E-6B05-A113-A1C8EE42D496'),('A Flag for Sunrise by Robert Stone','AVAILABLE','171B0BD8-7444-FE6F-D6E6-7D2AF2FA42E2'),('Silas Marner by George Eliot','AVAILABLE','947CCAE5-708A-164F-3512-5E783350F0B4'),('Asterix the Gaul by Rene Goscinny','BORROWED','231DFA3E-B7DA-89C4-4AB4-3E8ECD06A46D'),('Dead Lagoon by Michael Dibdin','BORROWED','2FC0D256-4ADA-B6A6-4690-96743F779F3A'),('Any Human Heart by William Boyd','AVAILABLE','947CCAE5-708A-164F-3512-5E783350F0B4'),('The Red Badge of Courage by Stephen Crane','AVAILABLE','EF8FA9AF-A4FC-C2E4-C4E6-ACE5C4967837'),('If Not Now, When? by Primo Levi','REMOVED','3D240768-095A-B6A8-F359-C3287FEE0332'),('The Corrections by Jonathan Franzen','BORROWED','374F1BE7-A892-99DB-553B-BC2C86F75472'),('Daniel Deronda by George Eliot','REMOVED','93A11064-BED4-B4EF-F3C1-5F7F65F26918'),('The Parasites by Daphne du Maurier','BORROWED','5D111693-B0F6-86E3-FFF0-136A2079C7DF'),('Vile Bodies by Evelyn Waugh','REMOVED','A7057E51-1F74-7B6A-DC6F-D13052639B36'),('The Murder at the Vicarage by Agatha Christie','REMOVED','35BC5A6B-3ABA-218B-77B5-6193E9BCD5FF'),('Patience and Sarah by Isabel Miller','REMOVED','931709A8-5969-698B-B2F5-1BC7070F2858'),('The Case of Comrade Tulayev by Victor Serge','REMOVED','70080899-26A1-DFA1-60E7-DA49206FE00F'),('The Moon and the Bonfire by Cesare Pavese','BORROWED','4478555B-3858-9B21-79F9-60325EFFE6A6'),('Titmuss Regained by John Mortimer','REMOVED','7393BDC8-9866-0760-4758-04B278622BFB'),('Victory: An Island Tale by Joseph Conrad','BORROWED','96AD9482-930C-8874-5816-FC2BF46538E5'),('Confessions of Zeno by Italo Svevo','AVAILABLE','CD5A889C-E8A6-E2A3-C4B9-D5BBBEDBC50F'),('The Millstone by Margaret Drabble','AVAILABLE','392B6B64-43F0-506F-2260-8708CA2960D9'),('The Hound of the Baskervilles by Arthur Conan Doyle','REMOVED','374F1BE7-A892-99DB-553B-BC2C86F75472'),('Darkness Falls from the Air by Nigel Balchin','AVAILABLE','95FE899E-E8D8-F04F-227C-7F27D9DC2199'),('High Fidelity by Nick Hornby','REMOVED','85613F01-253E-ED13-CD24-138B4F1AB68E'),('The Forever War by Joe Haldeman','REMOVED','94B11BFA-1BE7-639E-5AF4-DE9A1797FDD9'),('Look At Me by Anita Brookner','BORROWED','552B7303-200E-7907-6823-12BA911DEAE3'),('The Fountain Overflows by Rebecca West','REMOVED','E5E2E9E7-904E-6B05-A113-A1C8EE42D496'),('The Painted Bird by Jerzy Kosinski','BORROWED','6E920503-BD74-3F4C-186D-8920FFE0CF1E'),('The Polygots by William Gerhardie','BORROWED','95FE899E-E8D8-F04F-227C-7F27D9DC2199'),('The Murder at the Vicarage by Agatha Christie','AVAILABLE','4369EE14-A8C0-137C-6D20-CBB9DFC9CF49'),('The Magnificent Ambersons by Booth Tarkington','AVAILABLE','3A53E0D1-F050-0C8B-B40E-935258FA1232'),('East Lynne by Ellen Wood','BORROWED','EF8FA9AF-A4FC-C2E4-C4E6-ACE5C4967837'),('The Rings of Saturn by WG Sebald','REMOVED','850FD807-99F3-768E-364A-D5394A1954F7'),('The Provincial Lady by EM Delafield','BORROWED','936D5E78-FFFE-9D08-AB1F-F77FA78FC3EA'),('Waterland by Graham Swift','REMOVED','2CB2571F-E340-EB01-2860-2473EDB6E081'),('The Harpole Report by JL Carr','AVAILABLE','0D9B5324-F688-10DB-9AC4-18D6CDD88DA2'),('The Corrections by Jonathan Franzen','REMOVED','3B6681DA-0D70-5EDA-2131-1A0AF94185AD'),('Vineland by Thomas Pynchon','BORROWED','46183A3C-38EF-4140-1481-B4EF76926163'),('The Map of Love by Ahdaf Soueif','REMOVED','3D240768-095A-B6A8-F359-C3287FEE0332'),('Atonement by Ian McEwan','BORROWED','4369EE14-A8C0-137C-6D20-CBB9DFC9CF49'),('The Scarlet Pimpernel by Baroness Emmuska Orczy','AVAILABLE','96AD9482-930C-8874-5816-FC2BF46538E5'),('The Unconsoled by Kazuo Ishiguro','REMOVED','9A82E391-71DA-9ED9-81B5-C7760D75500B'),('Tintin in Tibet by Georges Remi Herge','BORROWED','E0BAE017-41B9-D435-CE41-9E5CD9B5F4A8'),('Lolly Willowes by Sylvia Townsend Warner ','BORROWED','94B11BFA-1BE7-639E-5AF4-DE9A1797FDD9'),('The Harpole Report by JL Carr','REMOVED','306D964E-A6FC-C8D9-A4E7-A1860ED69DC1'),('The Painter of Signs by RK Narayan','REMOVED','DFF85370-AE18-F6B3-40D9-D5BC28707F55'),('The Man with the Golden Arm by Nelson Algren','AVAILABLE','35BC5A6B-3ABA-218B-77B5-6193E9BCD5FF'),('One Hundred Years of Solitude by Gabriel Garcia Marquez','BORROWED','A51D58DC-89B3-721D-7641-20D115BC4774'),('A Study in Scarlet by Arthur Conan Doyle','AVAILABLE','4BB83660-1917-9BA5-6971-B88325924C39'),('Squire Haggard’s Journal by Michael Green','AVAILABLE','E96A232B-0F9B-B7FA-CBB2-487F17D186F9'),('Squire Haggard’s Journal by Michael Green','AVAILABLE','2EE276BD-EC29-9A27-7818-D3CDE4667889'),('July’s People by Nadine Gordimer','REMOVED','374F1BE7-A892-99DB-553B-BC2C86F75472'),('The End of the World News by Anthony Burgess','AVAILABLE','084F5196-44AC-24B5-7654-7A8584876B8E'),('A Dance to the Music of Time by Anthony Powell','BORROWED','E9B180E2-35D8-2D59-7F40-3FC888404D9D'),('Persuasion by Jane Austen','REMOVED','95FE899E-E8D8-F04F-227C-7F27D9DC2199'),('The Drowned World by JG Ballard','AVAILABLE','BD8B4DB3-6447-4B6E-AC77-EF1D5000DF20'),('Independence Day by Richard Ford','AVAILABLE','7A91366C-4C99-1FF3-406D-6EEBDA83A7BC'),('The Heart is a Lonely Hunter by Carson McCullers','BORROWED','3D240768-095A-B6A8-F359-C3287FEE0332'),('The Coming Race by EGEL Bulwer-Lytton','REMOVED','78A09C68-F9A7-4DC0-87DE-332B7BFAFD79'),('East of Eden by John Steinbeck','BORROWED','31766533-8E12-5F35-6173-EF8BA002ADA7'),('The Soldier’s Art by Anthony Powell','AVAILABLE','098283DF-2BCA-710E-1D38-1DE09B94BD5A'),('A Long Long Way by Sebastian Barry','BORROWED','4478555B-3858-9B21-79F9-60325EFFE6A6'),('The Hanging Gardens by Ian Rankin','AVAILABLE','E9E5F7FC-53B9-02CE-6C9A-8D302B045CAB'),('Nights at the Circus by Angela Carter ','AVAILABLE','9A82E391-71DA-9ED9-81B5-C7760D75500B'),('The Murder of Roger Ackroyd by Agatha Christie','REMOVED','3631F0DF-950D-66B0-8A18-D179DFE79EA6'),('Murder Must Advertise by Dorothy Le Sayers','BORROWED','B51E053A-1351-92FD-9118-A6494E58B00B'),('The Good Soldier by Ford Madox Ford','BORROWED','3D240768-095A-B6A8-F359-C3287FEE0332'),('Cat’s Eye by Margaret Atwood','AVAILABLE','1C50A90E-76DA-5C63-FF96-A57AFD6147C0'),('Tom Brown’s Schooldays by Thomas Hughes','BORROWED','374F1BE7-A892-99DB-553B-BC2C86F75472');
-- insert loans
INSERT INTO "loan" (item_id,holder_id) VALUES
(24,'4BB83660-1917-9BA5-6971-B88325924C39'),
(100,'CF805982-36F9-D02D-F737-0DA799AA0EBE'),
(95,'1D19847E-33D9-85F1-78F0-C416CBEDCD6F'),
(24,'2EE276BD-EC29-9A27-7818-D3CDE4667889'),
(91,'D829CA8D-1FB0-73AE-796F-9D5413969DA1'),
(43,'35BC5A6B-3ABA-218B-77B5-6193E9BCD5FF'),
(45,'0276941F-A024-3A3A-2EDD-641CD95CA0B5'),
(59,'4BB83660-1917-9BA5-6971-B88325924C39'),
(43,'93A11064-BED4-B4EF-F3C1-5F7F65F26918'),
(91,'46183A3C-38EF-4140-1481-B4EF76926163'),
(77,'4369EE14-A8C0-137C-6D20-CBB9DFC9CF49'),
(87,'93A11064-BED4-B4EF-F3C1-5F7F65F26918'),
(76,'700C6DD0-1467-5B8D-E940-43233350A124'),
(91,'084F5196-44AC-24B5-7654-7A8584876B8E'),
(65,'947CCAE5-708A-164F-3512-5E783350F0B4'),
(67,'CF805982-36F9-D02D-F737-0DA799AA0EBE'),
(73,'CF805982-36F9-D02D-F737-0DA799AA0EBE'),
(38,'3B6681DA-0D70-5EDA-2131-1A0AF94185AD'),
(71,'B0586BF4-172D-6166-3BB5-2C6D5580762E'),
(91,'A51D58DC-89B3-721D-7641-20D115BC4774'),
(43,'FB5E1D73-C3CB-FEFC-06BF-D546CFE42101'),
(42,'CF805982-36F9-D02D-F737-0DA799AA0EBE'),
(81,'E9B180E2-35D8-2D59-7F40-3FC888404D9D'),
(30,'2EE276BD-EC29-9A27-7818-D3CDE4667889'),
(62,'552B7303-200E-7907-6823-12BA911DEAE3'),
(24,'EF8FA9AF-A4FC-C2E4-C4E6-ACE5C4967837'),
(67,'7EC5C493-944E-A06D-0B39-C89B067693EB'),
(102,'DFF85370-AE18-F6B3-40D9-D5BC28707F55'),
(73,'73CE6D2D-AF73-4A83-B3B3-86EA2702D455'),
(100,'1D19847E-33D9-85F1-78F0-C416CBEDCD6F'),
(91,'70080899-26A1-DFA1-60E7-DA49206FE00F'),
(20,'E96A232B-0F9B-B7FA-CBB2-487F17D186F9'),
(81,'947CCAE5-708A-164F-3512-5E783350F0B4'),
(77,'171B0BD8-7444-FE6F-D6E6-7D2AF2FA42E2'),
(39,'392B6B64-43F0-506F-2260-8708CA2960D9'),
(61,'4369EE14-A8C0-137C-6D20-CBB9DFC9CF49'),
(3,'1C50A90E-76DA-5C63-FF96-A57AFD6147C0'),
(50,'EF8FA9AF-A4FC-C2E4-C4E6-ACE5C4967837'),
(93,'B469F003-4153-D99F-B860-374DEAA49D24'),
(45,'1C50A90E-76DA-5C63-FF96-A57AFD6147C0'),
(65,'E9B180E2-35D8-2D59-7F40-3FC888404D9D'),
(91,'85613F01-253E-ED13-CD24-138B4F1AB68E'),
(100,'95408D84-7A44-CAB0-7E70-AC05C176625D'),
(3,'2EE276BD-EC29-9A27-7818-D3CDE4667889'),
(81,'947CCAE5-708A-164F-3512-5E783350F0B4'),
(65,'590B7725-E75C-4AC7-959B-3D7A9A31F39D'),
(67,'4478555B-3858-9B21-79F9-60325EFFE6A6'),
(5,'4B0DF41D-3694-33BF-C36A-0F14542CE5AE'),
(102,'4E0A2FB5-158A-7CDF-4D23-B67F4FD0D470'),
(31,'FAD024AA-750A-C4E6-DC5A-7B862675A690'),
(100,'947CCAE5-708A-164F-3512-5E783350F0B4'),
(39,'FB5E1D73-C3CB-FEFC-06BF-D546CFE42101'),
(38,'700C6DD0-1467-5B8D-E940-43233350A124'),
(3,'9A3DED08-B7E8-94B9-16CB-9D3692D48A29'),
(30,'35BC5A6B-3ABA-218B-77B5-6193E9BCD5FF'),
(99,'4E0A2FB5-158A-7CDF-4D23-B67F4FD0D470'),
(59,'FAD024AA-750A-C4E6-DC5A-7B862675A690'),
(99,'3D240768-095A-B6A8-F359-C3287FEE0332'),
(93,'E0BAE017-41B9-D435-CE41-9E5CD9B5F4A8'),
(71,'73CE6D2D-AF73-4A83-B3B3-86EA2702D455'),
(76,'590B7725-E75C-4AC7-959B-3D7A9A31F39D'),
(31,'DA7F893C-F0B7-DA34-F46E-4E13AC9308C2'),
(31,'5825A3EA-A251-8AD3-7FFE-7091978D1108'),
(100,'231DFA3E-B7DA-89C4-4AB4-3E8ECD06A46D'),
(13,'E5E2E9E7-904E-6B05-A113-A1C8EE42D496'),
(61,'2FC0D256-4ADA-B6A6-4690-96743F779F3A'),
(71,'3631F0DF-950D-66B0-8A18-D179DFE79EA6'),
(71,'0D9B5324-F688-10DB-9AC4-18D6CDD88DA2'),
(31,'FF27C036-7689-8A49-7715-B55E6EA888B6'),
(52,'5D111693-B0F6-86E3-FFF0-136A2079C7DF'),
(71,'098283DF-2BCA-710E-1D38-1DE09B94BD5A'),
(71,'C9CD8E39-F542-B127-0861-2EDE83647D8C'),
(24,'172AC8ED-B71C-35D2-B8D0-489D865F48B6'),
(73,'FB5E1D73-C3CB-FEFC-06BF-D546CFE42101'),
(61,'E96A232B-0F9B-B7FA-CBB2-487F17D186F9'),
(61,'96AD9482-930C-8874-5816-FC2BF46538E5'),
(31,'4BB83660-1917-9BA5-6971-B88325924C39'),
(13,'098283DF-2BCA-710E-1D38-1DE09B94BD5A'),
(99,'F0EF2D47-974F-AC36-48DB-016B08E22863'),
(65,'590B7725-E75C-4AC7-959B-3D7A9A31F39D'),
(76,'7393BDC8-9866-0760-4758-04B278622BFB'),
(59,'78A09C68-F9A7-4DC0-87DE-332B7BFAFD79'),
(65,'B51E053A-1351-92FD-9118-A6494E58B00B'),
(45,'7393BDC8-9866-0760-4758-04B278622BFB'),
(10,'850FD807-99F3-768E-364A-D5394A1954F7'),
(30,'DE3E81B8-69F8-C04C-4C11-1F0ACABBA121'),
(30,'2CB2571F-E340-EB01-2860-2473EDB6E081'),
(30,'7EC5C493-944E-A06D-0B39-C89B067693EB'),
(59,'46183A3C-38EF-4140-1481-B4EF76926163'),
(13,'F0EF2D47-974F-AC36-48DB-016B08E22863'),
(77,'FA9F1643-BAD0-47BF-FBEA-CF28095D8B98'),
(71,'28BF6CEC-9481-CBB5-0F9C-371F79CA42B8'),
(13,'2EE276BD-EC29-9A27-7818-D3CDE4667889'),
(31,'947CCAE5-708A-164F-3512-5E783350F0B4'),
(52,'95408D84-7A44-CAB0-7E70-AC05C176625D'),
(73,'F0EF2D47-974F-AC36-48DB-016B08E22863'),
(24,'D829CA8D-1FB0-73AE-796F-9D5413969DA1'),
(81,'931709A8-5969-698B-B2F5-1BC7070F2858'),
(62,'4BB83660-1917-9BA5-6971-B88325924C39'),
(81,'2CB2571F-E340-EB01-2860-2473EDB6E081');

SELECT *
FROM
loan;